model_short,total_score,Executability,Functionality,Code Quality,UX
DeepSeek V3.2,0.7129800000000001,0.9,0.618,0.6672,0.826
Nova Pro,0.6454900000000001,0.74,0.618,0.526,0.7306
Qwen Coder,0.61225,0.6,0.608,0.5636,0.6914
