game,DeepSeek V3.2,Nova Pro,Qwen Coder
dodge_blocks,0.7419,0.6629,0.775
flappy_bird,0.6916,0.7217,0.6801999999999999
pacman,0.6757,0.6144000000000001,0.4391
pong,0.6744,0.6910000000000001,0.6611
roguelike_dungeon,0.6885,0.5389,0.4614
snake,0.8160000000000001,0.7834000000000001,0.8136000000000001
space_invaders,0.7247,0.6021,0.6877
super_mario_bros,0.731,0.621,0.49139999999999995
tetris,0.7163,0.5919,0.6703
tower_defense,0.6697,0.6275999999999999,0.4427
